Ticker,Security,GICS Sector,GICS Sub-Industry
360ONE.NS,360 ONE WAM Ltd.,Financial Services,Asset Management
3MINDIA.NS,3M India Ltd.,Industrials,Conglomerates
AADHARHFC.NS,Aadhar Housing Finance Ltd.,Financial Services,Mortgage Finance
AARTIIND.NS,Aarti Industries Ltd.,Basic Materials,Specialty Chemicals
AAVAS.NS,Aavas Financiers Ltd.,Financial Services,Mortgage Finance
ABB.NS,ABB India Ltd.,Industrials,Specialty Industrial Machinery
ABBOTINDIA.NS,Abbott India Ltd.,Healthcare,Drug Manufacturers - Specialty & Generic
ABCAPITAL.NS,Aditya Birla Capital Ltd.,Financial Services,Financial Conglomerates
ABDL.NS,Allied Blenders and Distillers Ltd.,Consumer Defensive,Beverages - Wineries & Distilleries
ABFRL.NS,Aditya Birla Fashion and Retail Ltd.,Consumer Cyclical,Apparel Manufacturing
ABLBL.NS,Aditya Birla Lifestyle Brands Ltd.,Consumer Cyclical,Apparel Retail
ABREL.NS,Aditya Birla Real Estate Ltd.,Real Estate,Real Estate Services
ABSLAMC.NS,Aditya Birla Sun Life AMC Ltd.,Financial Services,Asset Management
ACC.NS,ACC Ltd.,Basic Materials,Building Materials
ACE.NS,Action Construction Equipment Ltd.,Industrials,Farm & Heavy Construction Machinery
ACMESOLAR.NS,ACME Solar Holdings Ltd.,Utilities,Utilities - Renewable
ACUTAAS.NS,Acutaas Chemicals Ltd.,Basic Materials,Specialty Chemicals
ADANIENSOL.NS,Adani Energy Solutions Ltd.,Utilities,Utilities - Independent Power Producers
ADANIENT.NS,Adani Enterprises Ltd.,Energy,Thermal Coal
ADANIGREEN.NS,Adani Green Energy Ltd.,Utilities,Utilities - Renewable
ADANIPORTS.NS,Adani Ports and Special Economic Zone Ltd.,Industrials,Marine Shipping
ADANIPOWER.NS,Adani Power Ltd.,Utilities,Utilities - Independent Power Producers
AEGISLOG.NS,Aegis Logistics Ltd.,Energy,Oil & Gas Refining & Marketing
AEGISVOPAK.NS,Aegis Vopak Terminals Ltd.,Energy,Oil & Gas Equipment & Services
AFCONS.NS,Afcons Infrastructure Ltd.,Industrials,Engineering & Construction
AFFLE.NS,Affle 3i Ltd.,Communication Services,Advertising Agencies
AIAENG.NS,AIA Engineering Ltd.,Industrials,Specialty Industrial Machinery
AIIL.NS,Authum Investment & Infrastructure Ltd.,Financial Services,Capital Markets
AJANTPHARM.NS,Ajanta Pharmaceuticals Ltd.,Healthcare,Drug Manufacturers - Specialty & Generic
ALKEM.NS,Alkem Laboratories Ltd.,Healthcare,Drug Manufacturers - Specialty & Generic
AMBER.NS,Amber Enterprises India Ltd.,Consumer Cyclical,"Furnishings, Fixtures & Appliances"
AMBUJACEM.NS,Ambuja Cements Ltd.,Basic Materials,Building Materials
ANANDRATHI.NS,Anand Rathi Wealth Ltd.,Financial Services,Asset Management
ANANTRAJ.NS,Anant Raj Ltd.,Real Estate,Real Estate - Development
ANGELONE.NS,Angel One Ltd.,Financial Services,Capital Markets
ANTHEM.NS,Anthem Biosciences Ltd.,Healthcare,Biotechnology
ANURAS.NS,Anupam Rasayan India Ltd.,Basic Materials,Specialty Chemicals
APARINDS.NS,Apar Industries Ltd.,Industrials,Electrical Equipment & Parts
APLAPOLLO.NS,APL Apollo Tubes Ltd.,Basic Materials,Steel
APOLLOHOSP.NS,Apollo Hospitals Enterprise Ltd.,Healthcare,Medical Care Facilities
APOLLOTYRE.NS,Apollo Tyres Ltd.,Consumer Cyclical,Auto Parts
APTUS.NS,Aptus Value Housing Finance India Ltd.,Financial Services,Mortgage Finance
ARE&M.NS,Amara Raja Energy & Mobility Ltd.,Industrials,Electrical Equipment & Parts
ASAHIINDIA.NS,Asahi India Glass Ltd.,Consumer Cyclical,Auto Parts
ASHOKLEY.NS,Ashok Leyland Ltd.,Industrials,Farm & Heavy Construction Machinery
ASIANPAINT.NS,Asian Paints Ltd.,Basic Materials,Specialty Chemicals
ASTERDM.NS,Aster DM Quality Care Ltd.,Healthcare,Medical Care Facilities
ASTRAL.NS,Astral Ltd.,Industrials,Building Products & Equipment
ATGL.NS,Adani Total Gas Ltd.,Utilities,Utilities - Regulated Gas
ATHERENERG.NS,Ather Energy Ltd.,Consumer Cyclical,Auto Manufacturers
ATUL.NS,Atul Ltd.,Basic Materials,Specialty Chemicals
AUBANK.NS,AU Small Finance Bank Ltd.,Financial Services,Banks - Regional
AUROPHARMA.NS,Aurobindo Pharma Ltd.,Healthcare,Drug Manufacturers - Specialty & Generic
AWL.NS,AWL Agri Business Ltd.,Consumer Defensive,Packaged Foods
AXISBANK.NS,Axis Bank Ltd.,Financial Services,Banks - Regional
BAJAJ-AUTO.NS,Bajaj Auto Ltd.,Consumer Cyclical,Auto Manufacturers
BAJAJFINSV.NS,Bajaj Finserv Ltd.,Financial Services,Financial Conglomerates
BAJAJHFL.NS,Bajaj Housing Finance Ltd.,Financial Services,Mortgage Finance
BAJAJHLDNG.NS,Bajaj Holdings & Investment Ltd.,Financial Services,Asset Management
BAJFINANCE.NS,Bajaj Finance Ltd.,Financial Services,Credit Services
BALKRISIND.NS,Balkrishna Industries Ltd.,Consumer Cyclical,Auto Parts
BALRAMCHIN.NS,Balrampur Chini Mills Ltd.,Consumer Defensive,Confectioners
BANDHANBNK.NS,Bandhan Bank Ltd.,Financial Services,Banks - Regional
BANKBARODA.NS,Bank of Baroda,Financial Services,Banks - Regional
BANKINDIA.NS,Bank of India,Financial Services,Banks - Regional
BATAINDIA.NS,Bata India Ltd.,Consumer Cyclical,Footwear & Accessories
BAYERCROP.NS,Bayer Cropscience Ltd.,Basic Materials,Agricultural Inputs
BBTC.NS,Bombay Burmah Trading Corporation Ltd.,Consumer Defensive,Packaged Foods
BDL.NS,Bharat Dynamics Ltd.,Industrials,Aerospace & Defense
BEL.NS,Bharat Electronics Ltd.,Industrials,Aerospace & Defense
BELRISE.NS,Belrise Industries Ltd.,Consumer Cyclical,Auto Parts
BEML.NS,BEML Ltd.,Industrials,Conglomerates
BERGEPAINT.NS,Berger Paints India Ltd.,Basic Materials,Specialty Chemicals
BHARATFORG.NS,Bharat Forge Ltd.,Consumer Cyclical,Auto Parts
BHARTIARTL.NS,Bharti Airtel Ltd.,Communication Services,Telecom Services
BHARTIHEXA.NS,Bharti Hexacom Ltd.,Communication Services,Telecom Services
BHEL.NS,Bharat Heavy Electricals Ltd.,Industrials,Specialty Industrial Machinery
BIKAJI.NS,Bikaji Foods International Ltd.,Consumer Defensive,Packaged Foods
BIOCON.NS,Biocon Ltd.,Healthcare,Biotechnology
BLS.NS,BLS International Services Ltd.,Industrials,Specialty Business Services
BLUEDART.NS,Blue Dart Express Ltd.,Industrials,Integrated Freight & Logistics
BLUEJET.NS,Blue Jet Healthcare Ltd.,Healthcare,Biotechnology
BLUESTARCO.NS,Blue Star Ltd.,Industrials,Building Products & Equipment
BOSCHLTD.NS,Bosch Ltd.,Consumer Cyclical,Auto Parts
BPCL.NS,Bharat Petroleum Corporation Ltd.,Energy,Oil & Gas Refining & Marketing
BRIGADE.NS,Brigade Enterprises Ltd.,Real Estate,Real Estate - Development
BRITANNIA.NS,Britannia Industries Ltd.,Consumer Defensive,Packaged Foods
BSE.NS,BSE Ltd.,Financial Services,Financial Data & Stock Exchanges
BSOFT.NS,Birlasoft Ltd.,Technology,Information Technology Services
CAMS.NS,Computer Age Management Services Ltd.,Technology,Information Technology Services
CANBK.NS,Canara Bank,Financial Services,Banks - Regional
CANFINHOME.NS,Can Fin Homes Ltd.,Financial Services,Mortgage Finance
CANHLIFE.NS,Canara HSBC Life Insurance Company Ltd.,Financial Services,Insurance - Life
CAPLIPOINT.NS,Caplin Point Laboratories Ltd.,Healthcare,Drug Manufacturers - Specialty & Generic
CARBORUNIV.NS,Carborundum Universal Ltd.,Industrials,Conglomerates
CARTRADE.NS,Cartrade Tech Ltd.,Consumer Cyclical,Auto & Truck Dealerships
CASTROLIND.NS,Castrol India Ltd.,Energy,Oil & Gas Refining & Marketing
CCL.NS,CCL Products (I) Ltd.,Consumer Defensive,Packaged Foods
CDSL.NS,Central Depository Services (India) Ltd.,Financial Services,Capital Markets
CEATLTD.NS,Ceat Ltd.,Consumer Cyclical,Auto Parts
CEMPRO.NS,Cemindia Projects Ltd.,Industrials,Engineering & Construction
CENTRALBK.NS,Central Bank of India,Financial Services,Banks - Regional
CESC.NS,CESC Ltd.,Utilities,Utilities - Regulated Electric
CGCL.NS,Capri Global Capital Ltd.,Financial Services,Credit Services
CGPOWER.NS,CG Power and Industrial Solutions Ltd.,Industrials,Electrical Equipment & Parts
CHALET.NS,Chalet Hotels Ltd.,Consumer Cyclical,Lodging
CHAMBLFERT.NS,Chambal Fertilizers & Chemicals Ltd.,Basic Materials,Agricultural Inputs
CHENNPETRO.NS,Chennai Petroleum Corporation Ltd.,Energy,Oil & Gas Refining & Marketing
CHOICEIN.NS,Choice International Ltd.,Financial Services,Capital Markets
CHOLAFIN.NS,Cholamandalam Investment and Finance Company Ltd.,Financial Services,Credit Services
CHOLAHLDNG.NS,Cholamandalam Financial Holdings Ltd.,Financial Services,Credit Services
CIEINDIA.NS,CIE Automotive India Ltd.,Consumer Cyclical,Auto Parts
CIPLA.NS,Cipla Ltd.,Healthcare,Drug Manufacturers - Specialty & Generic
CLEAN.NS,Clean Science and Technology Ltd.,Basic Materials,Specialty Chemicals
COALINDIA.NS,Coal India Ltd.,Energy,Thermal Coal
COCHINSHIP.NS,Cochin Shipyard Ltd.,Industrials,Aerospace & Defense
COFORGE.NS,Coforge Ltd.,Technology,Information Technology Services
COHANCE.NS,Cohance Lifesciences Ltd.,Healthcare,Drug Manufacturers - Specialty & Generic
COLPAL.NS,Colgate Palmolive (India) Ltd.,Consumer Defensive,Household & Personal Products
CONCOR.NS,Container Corporation of India Ltd.,Industrials,Railroads
CONCORDBIO.NS,Concord Biotech Ltd.,Healthcare,Biotechnology
COROMANDEL.NS,Coromandel International Ltd.,Basic Materials,Agricultural Inputs
CPPLUS.NS,Aditya Infotech Ltd.,Industrials,Building Products & Equipment
CRAFTSMAN.NS,Craftsman Automation Ltd.,Consumer Cyclical,Auto Parts
CREDITACC.NS,CreditAccess Grameen Ltd.,Financial Services,Credit Services
CRISIL.NS,CRISIL Ltd.,Financial Services,Financial Data & Stock Exchanges
CROMPTON.NS,Crompton Greaves Consumer Electricals Ltd.,Consumer Cyclical,"Furnishings, Fixtures & Appliances"
CUB.NS,City Union Bank Ltd.,Financial Services,Banks - Regional
CUMMINSIND.NS,Cummins India Ltd.,Industrials,Specialty Industrial Machinery
CYIENT.NS,Cyient Ltd.,Industrials,Conglomerates
DABUR.NS,Dabur India Ltd.,Consumer Defensive,Household & Personal Products
DALBHARAT.NS,Dalmia Bharat Ltd.,Basic Materials,Building Materials
DATAPATTNS.NS,Data Patterns (India) Ltd.,Industrials,Aerospace & Defense
DCMSHRIRAM.NS,DCM Shriram Ltd.,Industrials,Conglomerates
DEEPAKFERT.NS,Deepak Fertilisers & Petrochemicals Corp. Ltd.,Basic Materials,Chemicals
DEEPAKNTR.NS,Deepak Nitrite Ltd.,Basic Materials,Chemicals
DELHIVERY.NS,Delhivery Ltd.,Industrials,Integrated Freight & Logistics
DEVYANI.NS,Devyani International Ltd.,Consumer Cyclical,Restaurants
DIVISLAB.NS,Divi's Laboratories Ltd.,Healthcare,Drug Manufacturers - Specialty & Generic
DIXON.NS,Dixon Technologies (India) Ltd.,Technology,Consumer Electronics
DLF.NS,DLF Ltd.,Real Estate,Real Estate - Development
DMART.NS,Avenue Supermarts Ltd.,Consumer Defensive,Discount Stores
DOMS.NS,DOMS Industries Ltd.,Industrials,Business Equipment & Supplies
DRREDDY.NS,Dr. Reddy's Laboratories Ltd.,Healthcare,Drug Manufacturers - Specialty & Generic
ECLERX.NS,eClerx Services Ltd.,Technology,Information Technology Services
EICHERMOT.NS,Eicher Motors Ltd.,Consumer Cyclical,Auto Manufacturers
EIDPARRY.NS,E.I.D. Parry (India) Ltd.,Basic Materials,Agricultural Inputs
EIHOTEL.NS,EIH Ltd.,Consumer Cyclical,Lodging
ELECON.NS,Elecon Engineering Co. Ltd.,Industrials,Specialty Industrial Machinery
ELGIEQUIP.NS,Elgi Equipments Ltd.,Industrials,Specialty Industrial Machinery
EMAMILTD.NS,Emami Ltd.,Consumer Defensive,Household & Personal Products
EMCURE.NS,Emcure Pharmaceuticals Ltd.,Healthcare,Drug Manufacturers - Specialty & Generic
EMMVEE.NS,Emmvee Photovoltaic Power Ltd.,Technology,Solar
ENDURANCE.NS,Endurance Technologies Ltd.,Consumer Cyclical,Auto Parts
ENGINERSIN.NS,Engineers India Ltd.,Industrials,Engineering & Construction
ENRIN.NS,Siemens Energy India Ltd.,Utilities,Utilities - Renewable
ERIS.NS,Eris Lifesciences Ltd.,Healthcare,Drug Manufacturers - Specialty & Generic
ESCORTS.NS,Escorts Kubota Ltd.,Industrials,Farm & Heavy Construction Machinery
ETERNAL.NS,Eternal Ltd.,Consumer Cyclical,Internet Retail
EXIDEIND.NS,Exide Industries Ltd.,Consumer Cyclical,Auto Parts
FACT.NS,Fertilisers and Chemicals Travancore Ltd.,Basic Materials,Agricultural Inputs
FEDERALBNK.NS,Federal Bank Ltd.,Financial Services,Banks - Regional
FINCABLES.NS,Finolex Cables Ltd.,Industrials,Electrical Equipment & Parts
FIRSTCRY.NS,Brainbees Solutions Ltd.,Consumer Cyclical,Internet Retail
FIVESTAR.NS,Five-Star Business Finance Ltd.,Financial Services,Credit Services
FLUOROCHEM.NS,Gujarat Fluorochemicals Ltd.,Basic Materials,Specialty Chemicals
FORCEMOT.NS,Force Motors Ltd.,Consumer Cyclical,Auto Manufacturers
FORTIS.NS,Fortis Healthcare Ltd.,Healthcare,Medical Care Facilities
FSL.NS,Firstsource Solutions Ltd.,Technology,Information Technology Services
GABRIEL.NS,Gabriel India Ltd.,Consumer Cyclical,Auto Parts
GAIL.NS,GAIL (India) Ltd.,Utilities,Utilities - Regulated Gas
GALLANTT.NS,Gallantt Ispat Ltd.,Basic Materials,Steel
GESHIP.NS,Great Eastern Shipping Co. Ltd.,Industrials,Marine Shipping
GICRE.NS,General Insurance Corporation of India,Financial Services,Insurance - Reinsurance
GILLETTE.NS,Gillette India Ltd.,Consumer Defensive,Household & Personal Products
GLAND.NS,Gland Pharma Ltd.,Healthcare,Drug Manufacturers - Specialty & Generic
GLAXO.NS,Glaxosmithkline Pharmaceuticals Ltd.,Healthcare,Drug Manufacturers - General
GLENMARK.NS,Glenmark Pharmaceuticals Ltd.,Healthcare,Drug Manufacturers - Specialty & Generic
GMDCLTD.NS,Gujarat Mineral Development Corporation Ltd.,Energy,Thermal Coal
GMRAIRPORT.NS,GMR Airports Ltd.,Industrials,Airports & Air Services
GODFRYPHLP.NS,Godfrey Phillips India Ltd.,Consumer Defensive,Tobacco
GODIGIT.NS,Go Digit General Insurance Ltd.,Financial Services,Insurance - Property & Casualty
GODREJCP.NS,Godrej Consumer Products Ltd.,Consumer Defensive,Household & Personal Products
GODREJIND.NS,Godrej Industries Ltd.,Industrials,Conglomerates
GODREJPROP.NS,Godrej Properties Ltd.,Real Estate,Real Estate - Development
GPIL.NS,Godawari Power & Ispat Ltd.,Basic Materials,Steel
GRANULES.NS,Granules India Ltd.,Healthcare,Drug Manufacturers - Specialty & Generic
GRAPHITE.NS,Graphite India Ltd.,Industrials,Electrical Equipment & Parts
GRASIM.NS,Grasim Industries Ltd.,Basic Materials,Building Materials
GRAVITA.NS,Gravita India Ltd.,Industrials,Metal Fabrication
GROWW.NS,Billionbrains Garage Ventures Ltd.,Financial Services,Capital Markets
GRSE.NS,Garden Reach Shipbuilders & Engineers Ltd.,Industrials,Aerospace & Defense
GVT&D.NS,GE Vernova T&D India Ltd.,Industrials,Specialty Industrial Machinery
HAL.NS,Hindustan Aeronautics Ltd.,Industrials,Aerospace & Defense
HAVELLS.NS,Havells India Ltd.,Industrials,Electrical Equipment & Parts
HBLENGINE.NS,HBL Engineering Ltd.,Industrials,Electrical Equipment & Parts
HCLTECH.NS,HCL Technologies Ltd.,Technology,Information Technology Services
HDBFS.NS,HDB Financial Services Ltd.,Financial Services,Credit Services
HDFCAMC.NS,HDFC Asset Management Company Ltd.,Financial Services,Asset Management
HDFCBANK.NS,HDFC Bank Ltd.,Financial Services,Banks - Regional
HDFCLIFE.NS,HDFC Life Insurance Company Ltd.,Financial Services,Insurance - Life
HEG.NS,H.E.G. Ltd.,Industrials,Electrical Equipment & Parts
HEROMOTOCO.NS,Hero MotoCorp Ltd.,Consumer Cyclical,Auto Manufacturers
HEXT.NS,Hexaware Technologies Ltd.,Technology,Information Technology Services
HFCL.NS,HFCL Ltd.,Technology,Communication Equipment
HINDALCO.NS,Hindalco Industries Ltd.,Basic Materials,Aluminum
HINDCOPPER.NS,Hindustan Copper Ltd.,Basic Materials,Copper
HINDPETRO.NS,Hindustan Petroleum Corporation Ltd.,Energy,Oil & Gas Refining & Marketing
HINDUNILVR.NS,Hindustan Unilever Ltd.,Consumer Defensive,Household & Personal Products
HINDZINC.NS,Hindustan Zinc Ltd.,Basic Materials,Other Industrial Metals & Mining
HOMEFIRST.NS,Home First Finance Company India Ltd.,Financial Services,Mortgage Finance
HONASA.NS,Honasa Consumer Ltd.,Consumer Defensive,Household & Personal Products
HONAUT.NS,Honeywell Automation India Ltd.,Industrials,Electrical Equipment & Parts
HSCL.NS,Himadri Speciality Chemical Ltd.,Basic Materials,Specialty Chemicals
HUDCO.NS,Housing & Urban Development Corporation Ltd.,Financial Services,Credit Services
HYUNDAI.NS,Hyundai Motor India Ltd.,Consumer Cyclical,Auto Manufacturers
ICICIAMC.NS,ICICI Prudential Asset Management Company Ltd.,Financial Services,Asset Management
ICICIBANK.NS,ICICI Bank Ltd.,Financial Services,Banks - Regional
ICICIGI.NS,ICICI Lombard General Insurance Company Ltd.,Financial Services,Insurance - Diversified
ICICIPRULI.NS,ICICI Prudential Life Insurance Company Ltd.,Financial Services,Insurance - Life
IDBI.NS,IDBI Bank Ltd.,Financial Services,Banks - Regional
IDEA.NS,Vodafone Idea Ltd.,Communication Services,Telecom Services
IDFCFIRSTB.NS,IDFC First Bank Ltd.,Financial Services,Banks - Regional
IEX.NS,Indian Energy Exchange Ltd.,Financial Services,Capital Markets
IFCI.NS,IFCI Ltd.,Financial Services,Credit Services
IGIL.NS,International Gemological Institute Ltd.,Basic Materials,Other Precious Metals & Mining
IGL.NS,Indraprastha Gas Ltd.,Utilities,Utilities - Regulated Gas
IIFL.NS,IIFL Finance Ltd.,Financial Services,Credit Services
IKS.NS,Inventurus Knowledge Solutions Ltd.,Healthcare,Health Information Services
INDGN.NS,Indegene Ltd.,Healthcare,Health Information Services
INDHOTEL.NS,Indian Hotels Co. Ltd.,Consumer Cyclical,Lodging
INDIACEM.NS,India Cements Ltd.,Basic Materials,Building Materials
INDIAMART.NS,Indiamart Intermesh Ltd.,Communication Services,Internet Content & Information
INDIANB.NS,Indian Bank,Financial Services,Banks - Regional
INDIGO.NS,InterGlobe Aviation Ltd.,Industrials,Airlines
INDUSINDBK.NS,IndusInd Bank Ltd.,Financial Services,Banks - Regional
INDUSTOWER.NS,Indus Towers Ltd.,Communication Services,Telecom Services
INFY.NS,Infosys Ltd.,Technology,Information Technology Services
INOXWIND.NS,Inox Wind Ltd.,Industrials,Specialty Industrial Machinery
INTELLECT.NS,Intellect Design Arena Ltd.,Technology,Software - Application
IOB.NS,Indian Overseas Bank,Financial Services,Banks - Regional
IOC.NS,Indian Oil Corporation Ltd.,Energy,Oil & Gas Refining & Marketing
IPCALAB.NS,Ipca Laboratories Ltd.,Healthcare,Drug Manufacturers - Specialty & Generic
IRB.NS,IRB Infrastructure Developers Ltd.,Industrials,Infrastructure Operations
IRCON.NS,IRCON International Ltd.,Industrials,Engineering & Construction
IRCTC.NS,Indian Railway Catering And Tourism Corporation Ltd.,Consumer Cyclical,Travel Services
IREDA.NS,Indian Renewable Energy Development Agency Ltd.,Financial Services,Credit Services
IRFC.NS,Indian Railway Finance Corporation Ltd.,Financial Services,Credit Services
ITC.NS,ITC Ltd.,Consumer Defensive,Tobacco
ITCHOTELS.NS,ITC Hotels Ltd.,Consumer Cyclical,Resorts & Casinos
ITI.NS,ITI Ltd.,Technology,Communication Equipment
J&KBANK.NS,Jammu & Kashmir Bank Ltd.,Financial Services,Banks - Regional
JAINREC.NS,Jain Resource Recycling Ltd.,Basic Materials,Other Industrial Metals & Mining
JBMA.NS,JBM Auto Ltd.,Consumer Cyclical,Auto Parts
JINDALSAW.NS,Jindal Saw Ltd.,Basic Materials,Steel
JINDALSTEL.NS,Jindal Steel Ltd.,Basic Materials,Steel
JIOFIN.NS,Jio Financial Services Ltd.,Financial Services,Asset Management
JKCEMENT.NS,J.K. Cement Ltd.,Basic Materials,Building Materials
JKTYRE.NS,JK Tyre & Industries Ltd.,Consumer Cyclical,Auto Parts
JMFINANCIL.NS,JM Financial Ltd.,Financial Services,Capital Markets
JPPOWER.NS,Jaiprakash Power Ventures Ltd.,Utilities,Utilities - Independent Power Producers
JSL.NS,Jindal Stainless Ltd.,Basic Materials,Steel
JSWCEMENT.NS,JSW Cement Ltd.,Basic Materials,Building Materials
JSWDULUX.NS,JSW Dulux Ltd.,,
JSWENERGY.NS,JSW Energy Ltd.,Utilities,Utilities - Independent Power Producers
JSWINFRA.NS,JSW Infrastructure Ltd.,Industrials,Marine Shipping
JSWSTEEL.NS,JSW Steel Ltd.,Basic Materials,Steel
JUBLFOOD.NS,Jubilant Foodworks Ltd.,Consumer Cyclical,Restaurants
JUBLINGREA.NS,Jubilant Ingrevia Ltd.,Basic Materials,Specialty Chemicals
JUBLPHARMA.NS,Jubilant Pharmova Ltd.,Healthcare,Drug Manufacturers - Specialty & Generic
JWL.NS,Jupiter Wagons Ltd.,Industrials,Railroads
JYOTICNC.NS,Jyoti CNC Automation Ltd.,Industrials,Specialty Industrial Machinery
KAJARIACER.NS,Kajaria Ceramics Ltd.,Industrials,Building Products & Equipment
KALYANKJIL.NS,Kalyan Jewellers India Ltd.,Consumer Cyclical,Luxury Goods
KARURVYSYA.NS,Karur Vysya Bank Ltd.,Financial Services,Banks - Regional
KAYNES.NS,Kaynes Technology India Ltd.,Technology,Electronic Components
KEC.NS,Kec International Ltd.,Industrials,Engineering & Construction
KEI.NS,KEI Industries Ltd.,Industrials,Electrical Equipment & Parts
KFINTECH.NS,Kfin Technologies Ltd.,Technology,Software - Application
KIMS.NS,Krishna Institute of Medical Sciences Ltd.,Healthcare,Medical Care Facilities
KIRLOSENG.NS,Kirloskar Oil Eng Ltd.,Industrials,Specialty Industrial Machinery
KOTAKBANK.NS,Kotak Mahindra Bank Ltd.,Financial Services,Banks - Regional
KPIL.NS,Kalpataru Projects International Ltd.,Industrials,Engineering & Construction
KPITTECH.NS,KPIT Technologies Ltd.,Technology,Software - Infrastructure
KPRMILL.NS,K.P.R. Mill Ltd.,Consumer Cyclical,Textile Manufacturing
LALPATHLAB.NS,Dr. Lal Path Labs Ltd.,Healthcare,Diagnostics & Research
LATENTVIEW.NS,Latent View Analytics Ltd.,Industrials,Consulting Services
LAURUSLABS.NS,Laurus Labs Ltd.,Healthcare,Drug Manufacturers - Specialty & Generic
LEMONTREE.NS,Lemon Tree Hotels Ltd.,Consumer Cyclical,Lodging
LENSKART.NS,Lenskart Solutions Ltd.,Healthcare,Medical Instruments & Supplies
LGEINDIA.NS,LG Electronics India Ltd.,Technology,Consumer Electronics
LICHSGFIN.NS,LIC Housing Finance Ltd.,Financial Services,Mortgage Finance
LICI.NS,Life Insurance Corporation of India,Financial Services,Insurance - Life
LINDEINDIA.NS,Linde India Ltd.,Basic Materials,Specialty Chemicals
LLOYDSME.NS,Lloyds Metals And Energy Ltd.,Basic Materials,Steel
LODHA.NS,Lodha Developers Ltd.,Real Estate,Real Estate - Development
LT.NS,Larsen & Toubro Ltd.,Industrials,Engineering & Construction
LTF.NS,L&T Finance Ltd.,Financial Services,Credit Services
LTFOODS.NS,LT Foods Ltd.,Consumer Defensive,Packaged Foods
LTM.NS,LTM Ltd.,Technology,Information Technology Services
LTTS.NS,L&T Technology Services Ltd.,Technology,Information Technology Services
LUPIN.NS,Lupin Ltd.,Healthcare,Drug Manufacturers - Specialty & Generic
M&M.NS,Mahindra & Mahindra Ltd.,Consumer Cyclical,Auto Manufacturers
M&MFIN.NS,Mahindra & Mahindra Financial Services Ltd.,Financial Services,Credit Services
MAHABANK.NS,Bank of Maharashtra,Financial Services,Banks - Regional
MANAPPURAM.NS,Manappuram Finance Ltd.,Financial Services,Credit Services
MANKIND.NS,Mankind Pharma Ltd.,Healthcare,Drug Manufacturers - Specialty & Generic
MAPMYINDIA.NS,C.E. Info Systems Ltd.,Technology,Software - Infrastructure
MARICO.NS,Marico Ltd.,Consumer Defensive,Household & Personal Products
MARUTI.NS,Maruti Suzuki India Ltd.,Consumer Cyclical,Auto Manufacturers
MAXHEALTH.NS,Max Healthcare Institute Ltd.,Healthcare,Medical Care Facilities
MAZDOCK.NS,Mazagoan Dock Shipbuilders Ltd.,Industrials,Aerospace & Defense
MCX.NS,Multi Commodity Exchange of India Ltd.,Financial Services,Financial Data & Stock Exchanges
MEDANTA.NS,Global Health Ltd.,Healthcare,Medical Care Facilities
MEESHO.NS,Meesho Ltd.,Consumer Cyclical,Internet Retail
MFSL.NS,Max Financial Services Ltd.,Financial Services,Insurance - Life
MGL.NS,Mahanagar Gas Ltd.,Utilities,Utilities - Regulated Gas
MINDACORP.NS,Minda Corporation Ltd.,Consumer Cyclical,Auto Parts
MMTC.NS,MMTC Ltd.,Industrials,Conglomerates
MOTHERSON.NS,Samvardhana Motherson International Ltd.,Consumer Cyclical,Auto Parts
MOTILALOFS.NS,Motilal Oswal Financial Services Ltd.,Financial Services,Capital Markets
MPHASIS.NS,MphasiS Ltd.,Technology,Information Technology Services
MRF.NS,MRF Ltd.,Consumer Cyclical,Auto Parts
MRPL.NS,Mangalore Refinery & Petrochemicals Ltd.,Energy,Oil & Gas Refining & Marketing
MSUMI.NS,Motherson Sumi Wiring India Ltd.,Consumer Cyclical,Auto Parts
MUTHOOTFIN.NS,Muthoot Finance Ltd.,Financial Services,Credit Services
NAM-INDIA.NS,Nippon Life India Asset Management Ltd.,Financial Services,Asset Management
NATCOPHARM.NS,NATCO Pharma Ltd.,Healthcare,Drug Manufacturers - Specialty & Generic
NATIONALUM.NS,National Aluminium Co. Ltd.,Basic Materials,Aluminum
NAUKRI.NS,Info Edge (India) Ltd.,Communication Services,Internet Content & Information
NAVA.NS,Nava Ltd.,Industrials,Conglomerates
NAVINFLUOR.NS,Navin Fluorine International Ltd.,Basic Materials,Chemicals
NBCC.NS,NBCC (India) Ltd.,Industrials,Engineering & Construction
NCC.NS,NCC Ltd.,Industrials,Engineering & Construction
NESTLEIND.NS,Nestle India Ltd.,Consumer Defensive,Packaged Foods
NETWEB.NS,Netweb Technologies India Ltd.,Technology,Computer Hardware
NEULANDLAB.NS,Neuland Laboratories Ltd.,Healthcare,Drug Manufacturers - Specialty & Generic
NEWGEN.NS,Newgen Software Technologies Ltd.,Technology,Software - Infrastructure
NH.NS,Narayana Hrudayalaya Ltd.,Healthcare,Medical Care Facilities
NHPC.NS,NHPC Ltd.,Utilities,Utilities - Renewable
NIACL.NS,The New India Assurance Company Ltd.,Financial Services,Insurance - Diversified
NIVABUPA.NS,Niva Bupa Health Insurance Company Ltd.,Financial Services,Insurance - Life
NLCINDIA.NS,NLC India Ltd.,Utilities,Utilities - Regulated Electric
NMDC.NS,NMDC Ltd.,Basic Materials,Steel
NSLNISP.NS,NMDC Steel Ltd.,Basic Materials,Steel
NTPC.NS,NTPC Ltd.,Utilities,Utilities - Regulated Electric
NTPCGREEN.NS,NTPC Green Energy Ltd.,Utilities,Utilities - Renewable
NUVAMA.NS,Nuvama Wealth Management Ltd.,Financial Services,Asset Management
NUVOCO.NS,Nuvoco Vistas Corporation Ltd.,Basic Materials,Building Materials
NYKAA.NS,FSN E-Commerce Ventures Ltd.,Consumer Cyclical,Internet Retail
OBEROIRLTY.NS,Oberoi Realty Ltd.,Real Estate,Real Estate - Development
OFSS.NS,Oracle Financial Services Software Ltd.,Technology,Software - Infrastructure
OIL.NS,Oil India Ltd.,Energy,Oil & Gas Integrated
OLAELEC.NS,Ola Electric Mobility Ltd.,Consumer Cyclical,Auto Manufacturers
OLECTRA.NS,Olectra Greentech Ltd.,Industrials,Farm & Heavy Construction Machinery
ONESOURCE.NS,Onesource Specialty Pharma Ltd.,Healthcare,Biotechnology
ONGC.NS,Oil & Natural Gas Corporation Ltd.,Energy,Oil & Gas Integrated
PAGEIND.NS,Page Industries Ltd.,Consumer Cyclical,Apparel Manufacturing
PARADEEP.NS,Paradeep Phosphates Ltd.,Basic Materials,Agricultural Inputs
PATANJALI.NS,Patanjali Foods Ltd.,Consumer Defensive,Packaged Foods
PAYTM.NS,One 97 Communications Ltd.,Technology,Software - Infrastructure
PCBL.NS,PCBL Chemical Ltd.,Basic Materials,Specialty Chemicals
PERSISTENT.NS,Persistent Systems Ltd.,Technology,Information Technology Services
PETRONET.NS,Petronet LNG Ltd.,Energy,Oil & Gas Refining & Marketing
PFC.NS,Power Finance Corporation Ltd.,Financial Services,Credit Services
PFIZER.NS,Pfizer Ltd.,Healthcare,Drug Manufacturers - General
PFOCUS.NS,Prime Focus Ltd.,Communication Services,Entertainment
PGEL.NS,PG Electroplast Ltd.,Technology,Electronic Components
PHOENIXLTD.NS,Phoenix Mills Ltd.,Real Estate,Real Estate - Diversified
PIDILITIND.NS,Pidilite Industries Ltd.,Basic Materials,Specialty Chemicals
PIIND.NS,PI Industries Ltd.,Basic Materials,Agricultural Inputs
PINELABS.NS,Pine Labs Ltd.,Technology,Software - Infrastructure
PIRAMALFIN.NS,Piramal Finance Ltd.,Financial Services,Credit Services
PNB.NS,Punjab National Bank,Financial Services,Banks - Regional
PNBHOUSING.NS,PNB Housing Finance Ltd.,Financial Services,Mortgage Finance
POLICYBZR.NS,PB Fintech Ltd.,Financial Services,Insurance Brokers
POLYCAB.NS,Polycab India Ltd.,Industrials,Electrical Equipment & Parts
POLYMED.NS,Poly Medicure Ltd.,Healthcare,Medical Instruments & Supplies
POONAWALLA.NS,Poonawalla Fincorp Ltd.,Financial Services,Credit Services
POWERGRID.NS,Power Grid Corporation of India Ltd.,Utilities,Utilities - Regulated Electric
POWERINDIA.NS,Hitachi Energy India Ltd.,Industrials,Electrical Equipment & Parts
PPLPHARMA.NS,Piramal Pharma Ltd.,Healthcare,Drug Manufacturers - Specialty & Generic
PREMIERENE.NS,Premier Energies Ltd.,Technology,Solar
PRESTIGE.NS,Prestige Estates Projects Ltd.,Real Estate,Real Estate - Diversified
PTCIL.NS,PTC Industries Ltd.,Industrials,Metal Fabrication
PVRINOX.NS,PVR INOX Ltd.,Communication Services,Entertainment
PWL.NS,Physicswallah Ltd.,Consumer Defensive,Education & Training Services
RADICO.NS,Radico Khaitan Ltd,Consumer Defensive,Beverages - Wineries & Distilleries
RAILTEL.NS,Railtel Corporation Of India Ltd.,Communication Services,Telecom Services
RAINBOW.NS,Rainbow Childrens Medicare Ltd.,Healthcare,Medical Care Facilities
RAMCOCEM.NS,The Ramco Cements Ltd.,Basic Materials,Building Materials
RBLBANK.NS,RBL Bank Ltd.,Financial Services,Banks - Regional
RECLTD.NS,REC Ltd.,Financial Services,Credit Services
REDINGTON.NS,Redington Ltd.,Technology,Information Technology Services
RELIANCE.NS,Reliance Industries Ltd.,Energy,Oil & Gas Refining & Marketing
RHIM.NS,RHI MAGNESITA INDIA LTD.,Industrials,Metal Fabrication
RITES.NS,RITES Ltd.,Industrials,Engineering & Construction
RKFORGE.NS,Ramkrishna Forgings Ltd.,Industrials,Metal Fabrication
RPOWER.NS,Reliance Power Ltd.,Utilities,Utilities - Independent Power Producers
RRKABEL.NS,R R Kabel Ltd.,Industrials,Electrical Equipment & Parts
RVNL.NS,Rail Vikas Nigam Ltd.,Industrials,Engineering & Construction
SAGILITY.NS,Sagility Ltd.,Healthcare,Health Information Services
SAIL.NS,Steel Authority of India Ltd.,Basic Materials,Steel
SAILIFE.NS,Sai Life Sciences Ltd.,Healthcare,Diagnostics & Research
SAMMAANCAP.NS,Sammaan Capital Ltd.,Financial Services,Mortgage Finance
SAPPHIRE.NS,Sapphire Foods India Ltd.,Consumer Cyclical,Restaurants
SARDAEN.NS,Sarda Energy and Minerals Ltd.,Basic Materials,Steel
SAREGAMA.NS,Saregama India Ltd,Communication Services,Entertainment
SBFC.NS,SBFC Finance Ltd.,Financial Services,Credit Services
SBICARD.NS,SBI Cards and Payment Services Ltd.,Financial Services,Credit Services
SBILIFE.NS,SBI Life Insurance Company Ltd.,Financial Services,Insurance - Life
SBIN.NS,State Bank of India,Financial Services,Banks - Regional
SCHAEFFLER.NS,Schaeffler India Ltd.,Consumer Cyclical,Auto Parts
SCHNEIDER.NS,Schneider Electric Infrastructure Ltd.,Industrials,Electrical Equipment & Parts
SCI.NS,Shipping Corporation of India Ltd.,Industrials,Marine Shipping
SHREECEM.NS,Shree Cement Ltd.,Basic Materials,Building Materials
SHRIRAMFIN.NS,Shriram Finance Ltd.,Financial Services,Credit Services
SHYAMMETL.NS,Shyam Metalics and Energy Ltd.,Basic Materials,Steel
SIEMENS.NS,Siemens Ltd.,Industrials,Specialty Industrial Machinery
SIGNATURE.NS,Signatureglobal (India) Ltd.,Real Estate,Real Estate - Development
SJVN.NS,SJVN Ltd.,Utilities,Utilities - Renewable
SOBHA.NS,Sobha Ltd.,Real Estate,Real Estate - Development
SOLARINDS.NS,Solar Industries India Ltd.,Basic Materials,Specialty Chemicals
SONACOMS.NS,Sona BLW Precision Forgings Ltd.,Consumer Cyclical,Auto Parts
SONATSOFTW.NS,Sonata Software Ltd.,Technology,Information Technology Services
SPLPETRO.NS,Supreme Petrochem Ltd.,Basic Materials,Specialty Chemicals
SRF.NS,SRF Ltd.,Industrials,Conglomerates
STARHEALTH.NS,Star Health and Allied Insurance Company Ltd.,Financial Services,Insurance - Life
SUMICHEM.NS,Sumitomo Chemical India Ltd.,Basic Materials,Agricultural Inputs
SUNDARMFIN.NS,Sundaram Finance Ltd.,Financial Services,Credit Services
SUNPHARMA.NS,Sun Pharmaceutical Industries Ltd.,Healthcare,Drug Manufacturers - Specialty & Generic
SUNTV.NS,Sun TV Network Ltd.,Communication Services,Broadcasting
SUPREMEIND.NS,Supreme Industries Ltd.,Industrials,Building Products & Equipment
SUZLON.NS,Suzlon Energy Ltd.,Industrials,Specialty Industrial Machinery
SWANCORP.NS,Swan Corp Ltd.,Industrials,Conglomerates
SWIGGY.NS,Swiggy Ltd.,Consumer Cyclical,Internet Retail
SYNGENE.NS,Syngene International Ltd.,Healthcare,Diagnostics & Research
SYRMA.NS,Syrma SGS Technology Ltd.,Technology,Electronic Components
TARIL.NS,Transformers And Rectifiers (India) Ltd.,Industrials,Electrical Equipment & Parts
TATACAP.NS,Tata Capital Ltd.,Financial Services,Credit Services
TATACHEM.NS,Tata Chemicals Ltd.,Basic Materials,Chemicals
TATACOMM.NS,Tata Communications Ltd.,Communication Services,Telecom Services
TATACONSUM.NS,Tata Consumer Products Ltd.,Consumer Defensive,Packaged Foods
TATAELXSI.NS,Tata Elxsi Ltd.,Technology,Software - Application
TATAINVEST.NS,Tata Investment Corporation Ltd.,Financial Services,Asset Management
TATAPOWER.NS,Tata Power Co. Ltd.,Utilities,Utilities - Independent Power Producers
TATASTEEL.NS,Tata Steel Ltd.,Basic Materials,Steel
TATATECH.NS,Tata Technologies Ltd.,Technology,Information Technology Services
TBOTEK.NS,TBO Tek Ltd.,Consumer Cyclical,Travel Services
TCS.NS,Tata Consultancy Services Ltd.,Technology,Information Technology Services
TECHM.NS,Tech Mahindra Ltd.,Technology,Information Technology Services
TECHNOE.NS,Techno Electric & Engineering Company Ltd.,Industrials,Engineering & Construction
TEGA.NS,Tega Industries Ltd.,Industrials,Specialty Industrial Machinery
TEJASNET.NS,Tejas Networks Ltd.,Technology,Communication Equipment
TENNIND.NS,Tenneco Clean Air India Ltd.,Consumer Cyclical,Auto Parts
THELEELA.NS,Leela Palaces Hotels & Resorts Ltd.,Consumer Cyclical,Lodging
THERMAX.NS,Thermax Ltd.,Industrials,Conglomerates
TIINDIA.NS,Tube Investments of India Ltd.,Industrials,Conglomerates
TIMKEN.NS,Timken India Ltd.,Industrials,Tools & Accessories
TITAGARH.NS,Titagarh Rail Systems Ltd.,Industrials,Railroads
TITAN.NS,Titan Company Ltd.,Consumer Cyclical,Luxury Goods
TMCV.NS,Tata Motors Ltd.,Consumer Cyclical,Auto Manufacturers
TMPV.NS,Tata Motors Passenger Vehicles Ltd.,Consumer Cyclical,Auto Manufacturers
TORNTPHARM.NS,Torrent Pharmaceuticals Ltd.,Healthcare,Drug Manufacturers - Specialty & Generic
TORNTPOWER.NS,Torrent Power Ltd.,Utilities,Utilities - Independent Power Producers
TRAVELFOOD.NS,Travel Food Services Ltd.,Consumer Cyclical,Restaurants
TRENT.NS,Trent Ltd.,Consumer Cyclical,Apparel Retail
TRIDENT.NS,Trident Ltd.,Consumer Cyclical,Textile Manufacturing
TRITURBINE.NS,Triveni Turbine Ltd.,Industrials,Specialty Industrial Machinery
TTML.NS,Tata Teleservices (Maharashtra) Ltd.,Communication Services,Telecom Services
TVSMOTOR.NS,TVS Motor Company Ltd.,Consumer Cyclical,Auto Manufacturers
UBL.NS,United Breweries Ltd.,Consumer Defensive,Beverages - Brewers
UCOBANK.NS,UCO Bank,Financial Services,Banks - Regional
ULTRACEMCO.NS,UltraTech Cement Ltd.,Basic Materials,Building Materials
UNIONBANK.NS,Union Bank of India,Financial Services,Banks - Regional
UNITDSPR.NS,United Spirits Ltd.,Consumer Defensive,Beverages - Wineries & Distilleries
UNOMINDA.NS,UNO Minda Ltd.,Consumer Cyclical,Auto Parts
UPL.NS,UPL Ltd.,Basic Materials,Agricultural Inputs
URBANCO.NS,Urban Company Ltd.,Technology,Software - Application
USHAMART.NS,Usha Martin Ltd.,Basic Materials,Steel
UTIAMC.NS,UTI Asset Management Company Ltd.,Financial Services,Asset Management
VBL.NS,Varun Beverages Ltd.,Consumer Defensive,Beverages - Non-Alcoholic
VEDL.NS,Vedanta Ltd.,Basic Materials,Other Industrial Metals & Mining
VIJAYA.NS,Vijaya Diagnostic Centre Ltd.,Healthcare,Diagnostics & Research
VMM.NS,Vishal Mega Mart Ltd.,Consumer Cyclical,Department Stores
VOLTAS.NS,Voltas Ltd.,Consumer Cyclical,"Furnishings, Fixtures & Appliances"
VTL.NS,Vardhman Textiles Ltd.,Consumer Cyclical,Textile Manufacturing
WAAREEENER.NS,Waaree Energies Ltd.,Technology,Solar
WELCORP.NS,Welspun Corp Ltd.,Basic Materials,Steel
WELSPUNLIV.NS,Welspun Living Ltd.,Consumer Cyclical,Textile Manufacturing
WHIRLPOOL.NS,Whirlpool of India Ltd.,Consumer Cyclical,"Furnishings, Fixtures & Appliances"
WIPRO.NS,Wipro Ltd.,Technology,Information Technology Services
WOCKPHARMA.NS,Wockhardt Ltd.,Healthcare,Drug Manufacturers - Specialty & Generic
YESBANK.NS,Yes Bank Ltd.,Financial Services,Banks - Regional
ZEEL.NS,Zee Entertainment Enterprises Ltd.,Communication Services,Broadcasting
ZENSARTECH.NS,Zensar Technolgies Ltd.,Technology,Information Technology Services
ZENTEC.NS,Zen Technologies Ltd.,Industrials,Aerospace & Defense
ZFCVINDIA.NS,ZF Commercial Vehicle Control Systems India Ltd.,Consumer Cyclical,Auto Parts
ZYDUSLIFE.NS,Zydus Lifesciences Ltd.,Healthcare,Drug Manufacturers - Specialty & Generic
ZYDUSWELL.NS,Zydus Wellness Ltd.,Consumer Defensive,Packaged Foods
